[{"codeid":"P50M3BC191223182903QC124709RPG","valor":"50","quantmax":"3","usus":[{"id":"558299668686@s.whatsapp.net"},{"id":"5516981783325@s.whatsapp.net"},{"id":"5513991372530@s.whatsapp.net"}]},{"codeid":"P500M15BC191223183822QC25003RPG","valor":"500","quantmax":"15","usus":[{"id":"558299668686@s.whatsapp.net"},{"id":"558681673307@s.whatsapp.net"},{"id":"556697216571@s.whatsapp.net"}]},{"codeid":"P500M1BC191223183921QC375144RPG","valor":"500","quantmax":"1","usus":[{"id":"558299668686@s.whatsapp.net"}]}]