[{"id":"558398796865@s.whatsapp.net","limite":1,"hora":"22","dia":"18","dinheiro":0,"preso":false,"segurança":20},{"id":"5513991372530@s.whatsapp.net","limite":0,"hora":"18","dia":"19","dinheiro":0,"preso":false,"segurança":20},{"id":"558681673307@s.whatsapp.net","limite":1,"hora":"18","dia":"20","dinheiro":0,"preso":false,"segurança":20},{"id":"5521974690045@s.whatsapp.net","limite":0,"hora":"21","dia":"21","dinheiro":0,"preso":false,"segurança":20},{"id":"557591440217@s.whatsapp.net","limite":2,"hora":"17","dia":"29","dinheiro":0,"preso":false,"segurança":20}]