[{"id":"558299668686@s.whatsapp.net","gpid":"120363132562172546@g.us","hrg":"15:08","drg":"19/12","nome":"vitinhoalvsz","namebank":"Caixa","money":9730,"pixD":5,"pixL":100,"limiteC":18,"horaC":"21","diaC":"19","mC":"12","limiteTh":3,"hrT":"15","limiteTd":24,"diaT":"19","mT":"12","bcbet":true,"moedas":600},{"id":"5513991372530@s.whatsapp.net","gpid":"120363132562172546@g.us","hrg":"15:55","drg":"19/12","nome":"the rock","namebank":"PayPal","money":889,"pixD":5,"pixL":100,"limiteC":15,"horaC":"15","diaC":"19","mC":"12","limiteTh":3,"hrT":"15","limiteTd":24,"diaT":"19","mT":"12","bcbet":true,"moedas":200},{"id":"558398796865@s.whatsapp.net","gpid":"120363132562172546@g.us","hrg":"15:55","drg":"19/12","nome":"ryaan 🧜🏾‍♂️","namebank":"Next","money":50,"pixD":5,"pixL":100,"limiteC":15,"horaC":"15","diaC":"19","mC":"12","limiteTh":3,"hrT":"15","limiteTd":24,"diaT":"19","mT":"12","bcbet":true,"moedas":50},{"id":"556481310187@s.whatsapp.net","gpid":"120363132562172546@g.us","hrg":"15:55","drg":"19/12","nome":"matheuzinho gstz","namebank":"Bradesco","money":187,"pixD":5,"pixL":100,"limiteC":15,"horaC":"15","diaC":"19","mC":"12","limiteTh":3,"hrT":"15","limiteTd":24,"diaT":"19","mT":"12","bcbet":true,"moedas":275},{"id":"5521971983758@s.whatsapp.net","gpid":"120363132562172546@g.us","hrg":"16:12","drg":"19/12","nome":"vitu","namebank":"Next","money":200,"pixD":5,"pixL":100,"limiteC":15,"horaC":"16","diaC":"19","mC":"12","limiteTh":3,"hrT":"16","limiteTd":24,"diaT":"19","mT":"12","bcbet":true,"moedas":200},{"id":"556697216571@s.whatsapp.net","gpid":"120363132562172546@g.us","hrg":"17:22","drg":"19/12","nome":"max","namebank":"PayPal","money":526,"pixD":5,"pixL":100,"limiteC":15,"horaC":"17","diaC":"19","mC":"12","limiteTh":3,"hrT":"17","limiteTd":24,"diaT":"19","mT":"12","bcbet":true,"moedas":175},{"id":"558681673307@s.whatsapp.net","gpid":"120363132562172546@g.us","hrg":"17:38","drg":"19/12","nome":"Breno","namebank":"Next","money":2026,"pixD":5,"pixL":100,"limiteC":15,"horaC":"17","diaC":"19","mC":"12","limiteTh":3,"hrT":"17","limiteTd":24,"diaT":"19","mT":"12","bcbet":true,"moedas":50},{"id":"5516981783325@s.whatsapp.net","gpid":"120363132562172546@g.us","hrg":"18:30","drg":"19/12","nome":"jalin rabei","namebank":"NuBank","money":125,"pixD":5,"pixL":100,"limiteC":15,"horaC":"18","diaC":"19","mC":"12","limiteTh":3,"hrT":"18","limiteTd":24,"diaT":"19","mT":"12","bcbet":true,"moedas":100},{"id":"559885373280@s.whatsapp.net","gpid":"120363132562172546@g.us","hrg":"19:08","drg":"19/12","nome":"darkz","namebank":"PagBank️","money":125,"pixD":5,"pixL":100,"limiteC":15,"horaC":"19","diaC":"19","mC":"12","limiteTh":3,"hrT":"19","limiteTd":24,"diaT":"19","mT":"12","bcbet":true,"moedas":100},{"id":"558196319576@s.whatsapp.net","gpid":"120363176828384670@g.us","hrg":"21:05","drg":"19/12","nome":"guixz","namebank":"Itaú","money":75,"pixD":5,"pixL":100,"limiteC":15,"horaC":"21","diaC":"19","mC":"12","limiteTh":3,"hrT":"21","limiteTd":24,"diaT":"19","mT":"12","bcbet":true},{"id":"5521974690045@s.whatsapp.net","gpid":"120363132562172546@g.us","hrg":"21:44","drg":"21/12","nome":"bryan","namebank":"PayPal","money":82,"pixD":5,"pixL":100,"limiteC":15,"horaC":"21","diaC":"21","mC":"12","limiteTh":3,"hrT":"21","limiteTd":24,"diaT":"21","mT":"12","bcbet":true,"moedas":125},{"id":"34697359925@s.whatsapp.net","gpid":"120363132562172546@g.us","hrg":"16:43","drg":"23/12","nome":"Alejj","namebank":"Santander️","money":125,"pixD":5,"pixL":100,"limiteC":15,"horaC":"16","diaC":"23","mC":"12","limiteTh":3,"hrT":"16","limiteTd":24,"diaT":"23","mT":"12","bcbet":true,"moedas":75},{"id":"556493000211@s.whatsapp.net","gpid":"120363132562172546@g.us","hrg":"14:06","drg":"24/12","nome":"Theus ","namebank":"Next","money":75,"pixD":5,"pixL":100,"limiteC":15,"horaC":"14","diaC":"24","mC":"12","limiteTh":3,"hrT":"14","limiteTd":24,"diaT":"24","mT":"12","bcbet":true,"moedas":25},{"id":"557591440217@s.whatsapp.net","gpid":"120363132562172546@g.us","hrg":"17:41","drg":"29/12","nome":"Lost","namebank":"Santander️","money":50,"pixD":5,"pixL":100,"limiteC":15,"horaC":"17","diaC":"29","mC":"12","limiteTh":3,"hrT":"17","limiteTd":24,"diaT":"29","mT":"12","bcbet":true,"moedas":null},{"id":"553899713836@s.whatsapp.net","gpid":"120363132562172546@g.us","hrg":"13:56","drg":"30/12","nome":"joabe|dzn","namebank":"PayPal","money":150,"pixD":5,"pixL":100,"limiteC":15,"horaC":"13","diaC":"30","mC":"12","limiteTh":3,"hrT":"13","limiteTd":24,"diaT":"30","mT":"12","bcbet":true},{"id":"558288279194@s.whatsapp.net","gpid":"120363176828384670@g.us","hrg":"17:12","drg":"10/01","nome":"Vitinho","namebank":"PayPal","money":125,"pixD":5,"pixL":100,"limiteC":15,"horaC":"17","diaC":"10","mC":"01","limiteTh":3,"hrT":"17","limiteTd":24,"diaT":"10","mT":"01","bcbet":true}]