[{"id":"558299668686@s.whatsapp.net","nick":"🗣️","level":12,"contador":1795,"block":false},{"id":"559491569380@s.whatsapp.net","nick":"𖧄 𝐋𝐔𝐂𝐀𝐒 𝐌𝐎𝐃 𝐃𝐎𝐌𝐈𝐍𝐀 𖧄","level":2,"contador":196,"block":false},{"id":"556481310187@s.whatsapp.net","nick":"꧅ａｔｈｅｕｚｉｎｈｏ𓀙``|","level":10,"contador":1013,"block":false},{"id":"5521971983758@s.whatsapp.net","nick":"Vitukjk","level":8,"contador":707,"block":false},{"id":"558599866533@s.whatsapp.net","nick":"𝑺𝑯𝑨𝑫𝑶𝑾-𝑩𝑶𝑻","level":6,"contador":523,"block":false},{"id":"556697216571@s.whatsapp.net","nick":"ı.am max ","level":3,"contador":251,"block":false},{"id":"5521964523665@s.whatsapp.net","nick":"Daniel","level":1,"contador":42,"block":false},{"id":"5511919176031@s.whatsapp.net","nick":"Glmx","level":1,"contador":15,"block":false},{"id":"553175416530@s.whatsapp.net","nick":"Licht","level":1,"contador":81,"block":false},{"id":"5511972197371@s.whatsapp.net","nick":"@lorde_aleky🎭⚫","level":1,"contador":10,"block":false},{"id":"5511952306699@s.whatsapp.net","nick":"𝒀𝒖𝒃𝒊𝒅𝒑","level":1,"contador":25,"block":false},{"id":"558596145353@s.whatsapp.net","nick":"ı.am   ᴠɪɴíᴄɪᴜꜱ ⁷","level":5,"contador":478,"block":false},{"id":"34697359925@s.whatsapp.net","nick":"Alejj","level":1,"contador":73,"block":false},{"id":"5513991372530@s.whatsapp.net","nick":"The Rock","level":4,"contador":307,"block":false},{"id":"557591756291@s.whatsapp.net","nick":"Yuno","level":1,"contador":3,"block":false},{"id":"559191411276@s.whatsapp.net","nick":"BLACK MD","level":3,"contador":225,"block":false},{"id":"5515992754231@s.whatsapp.net","nick":"xxAlan 愛","level":1,"contador":50,"block":false},{"id":"5511956783365@s.whatsapp.net","nick":"Japa Designer","level":1,"contador":22,"block":false},{"id":"5516996109582@s.whatsapp.net","nick":"João Victor M.","level":2,"contador":176,"block":false},{"id":"5524999056299@s.whatsapp.net","nick":"ديوغو removeu você","level":3,"contador":219,"block":false},{"id":"559189820838@s.whatsapp.net","nick":"ı.am Ângelo","level":1,"contador":16,"block":false},{"id":"556296993705@s.whatsapp.net","nick":"Dallan","level":1,"contador":41,"block":false},{"id":"559885373280@s.whatsapp.net","nick":"$Darkz","level":1,"contador":81,"block":false},{"id":"5491133420667@s.whatsapp.net","nick":"Gengar Bot😈","level":1,"contador":5,"block":false},{"id":"553398499336@s.whatsapp.net","nick":"Alander Daiane","level":1,"contador":19,"block":false},{"id":"5511915540467@s.whatsapp.net","nick":"Jherffeson","level":1,"contador":10,"block":false},{"id":"5521976430222@s.whatsapp.net","nick":"Rooh Mods","level":2,"contador":142,"block":false},{"id":"556281879025@s.whatsapp.net","nick":"Sab's","level":2,"contador":168,"block":false},{"id":"553391524199@s.whatsapp.net","nick":"João Lopes","level":1,"contador":20,"block":false},{"id":"559891822832@s.whatsapp.net","nick":"TiowPlay Serviços Onlines","level":1,"contador":14,"block":false},{"id":"559182577902@s.whatsapp.net","nick":"𓆩𝙽𝙸𝙽𝙹𝙰</>𝚂𝙿𝙼𝙲𓆪","level":1,"contador":51,"block":false},{"id":"5527999373697@s.whatsapp.net","nick":"’٬࿊⃟𝑽𝑰𝑵𝑰̥⃟⸽⃟̤","level":1,"contador":48,"block":false},{"id":"5519998748642@s.whatsapp.net","nick":"Fael","level":1,"contador":69,"block":false},{"id":"558296011095@s.whatsapp.net","nick":"paulo","level":1,"contador":53,"block":false},{"id":"5511968053559@s.whatsapp.net","nick":"Vitinho","level":1,"contador":31,"block":false},{"id":"5522988175732@s.whatsapp.net","nick":".","level":1,"contador":27,"block":false},{"id":"553899713836@s.whatsapp.net","nick":"ı.am ᴊᴏᴀʙᴇ ᴅᴢɴ 愛","level":1,"contador":61,"block":false},{"id":"557591440217@s.whatsapp.net","nick":"ㅤㅤㅤㅤㅤㅤㅤㅤㅤㅤㅤㅤ","level":1,"contador":60,"block":false},{"id":"553597523868@s.whatsapp.net","nick":"ThZ Frosty","level":1,"contador":9,"block":false},{"id":"556493000211@s.whatsapp.net","nick":"Theus ","level":1,"contador":48,"block":false},{"id":"558293368135@s.whatsapp.net","nick":"Lord Mady","level":1,"contador":14,"block":false},{"id":"5516981783325@s.whatsapp.net","nick":"ꪊ𝑻rahs.wpp","level":1,"contador":85,"block":false},{"id":"5521985149569@s.whatsapp.net","nick":"Jenny 💞","level":1,"contador":2,"block":false},{"id":"553491138415@s.whatsapp.net","nick":"𝐄𝐝𝐲 𝐀𝐥𝐯𝐞𝐬 👊🏻","level":1,"contador":12,"block":false},{"id":"5513996907397@s.whatsapp.net","nick":"ı.am ↻֪🌹̸αׅѕѕ︩︪ׄнχ⌍⌝","level":1,"contador":4,"block":false},{"id":"5521974690045@s.whatsapp.net","nick":"Gbryanzin","level":1,"contador":28,"block":false},{"id":"558399838114@s.whatsapp.net","nick":"👨🏻‍💻✧•RσɓєгԵ•✧🩵","level":1,"contador":36,"block":false},{"id":"556196378317@s.whatsapp.net","nick":"victor 171","level":1,"contador":30,"block":false},{"id":"557182704555@s.whatsapp.net","nick":"Isaac","level":1,"contador":3,"block":false},{"id":"5518996998971@s.whatsapp.net","nick":"Gabriel","level":2,"contador":106,"block":false},{"id":"557798332754@s.whatsapp.net","nick":"Th","level":1,"contador":2,"block":false},{"id":"555198466636@s.whatsapp.net","nick":"Monarge","level":3,"contador":234,"block":false},{"id":"558288279194@s.whatsapp.net","nick":"Victor Gabriel","level":3,"contador":253,"block":false},{"id":"553597376620@s.whatsapp.net","nick":"MALONi","level":1,"contador":62,"block":false},{"id":"558398796865@s.whatsapp.net","nick":"ryaan","level":1,"contador":96,"block":false},{"id":"5513978018669@s.whatsapp.net","nick":"🏴‍☠️🛜قاتل Jihhad🥷🏻🎭","level":1,"contador":12,"block":false},{"id":"556484422553@s.whatsapp.net","nick":"𝚅𝚞𝚕𝚐𝚘 \"𝐒𝐓𝐘𝐋𝐄𝐒𝐗𝐙\"","level":1,"contador":3,"block":false},{"id":"554891089432@s.whatsapp.net","nick":"MrRoots","level":1,"contador":4,"block":false},{"id":"6283823258348@s.whatsapp.net","nick":"Paulo","level":1,"contador":3,"block":false},{"id":"558688515326@s.whatsapp.net","nick":"THOMAS BOT","level":1,"contador":40,"block":false},{"id":"559891810824@s.whatsapp.net","nick":"Liedson Jansem","level":1,"contador":29,"block":false},{"id":"558681673307@s.whatsapp.net","nick":"brenokkj","level":2,"contador":140,"block":false},{"id":"558196319576@s.whatsapp.net","nick":"―͟͞ꪶ𝐆𝐔𝐈𝐗𝐙ꫂ✘⃝🇷🇺̶⃚̨᭰⤸","level":1,"contador":20,"block":false},{"id":"559181695945@s.whatsapp.net","nick":"▧⃯⃟ᴍᴀᴛʜᴇᴜᴢɪɴʜᴏฺ͘.•🛸 ݈݇─","level":1,"contador":3,"block":false},{"id":"558981335274@s.whatsapp.net","nick":"Marcos Dragneel","level":1,"contador":0,"block":false},{"id":"5511951538169@s.whatsapp.net","nick":"Rooh Mods","level":1,"contador":3,"block":false},{"id":"558596671624@s.whatsapp.net","nick":"Faraó","level":1,"contador":0,"block":false},{"id":"556598137550@s.whatsapp.net","nick":"𝗫𝗪𝗫","level":1,"contador":0,"block":false},{"id":"559492618321@s.whatsapp.net","nick":"!Lopes ᶻᴿᵃʸ","level":1,"contador":0,"block":false},{"id":"18708000524@s.whatsapp.net","nick":"RemZero","level":1,"contador":0,"block":false},{"id":"244957290796@s.whatsapp.net","nick":"Nyox.wtf | Store Tokens","level":1,"contador":0,"block":false},{"id":"5511941995985@s.whatsapp.net","nick":"氷    CelestiaL","level":1,"contador":0,"block":false},{"id":"5511973114822@s.whatsapp.net","nick":"Bronxyshost.com.br","level":1,"contador":0,"block":false},{"id":"5514998169877@s.whatsapp.net","nick":"Teste","level":1,"contador":0,"block":false},{"id":"5515998312749@s.whatsapp.net","nick":"luv","level":1,"contador":0,"block":false},{"id":"554899111953@s.whatsapp.net","nick":"Dg$","level":1,"contador":0,"block":false},{"id":"557399197974@s.whatsapp.net","nick":"vncS | #nyox - #xanax","level":1,"contador":0,"block":false},{"id":"557599119643@s.whatsapp.net","nick":"𝐖𝐈𝐋𝐋𝐈𝐀𝐍 (𝐀𝐃𝐌)🍷","level":1,"contador":0,"block":false},{"id":"558481588999@s.whatsapp.net","nick":"Bkz Modz Ϟ","level":1,"contador":0,"block":false},{"id":"556592949839@s.whatsapp.net","nick":"Lucasz;","level":1,"contador":0,"block":false},{"id":"559193653885@s.whatsapp.net","nick":"Ethern Bot Oficial","level":1,"contador":0,"block":false},{"id":"559891781819@s.whatsapp.net","nick":"a l i s s o n","level":1,"contador":0,"block":false},{"id":"558481248973@s.whatsapp.net","nick":"Shadow-Techyyx","level":1,"contador":0,"block":false},{"id":"556984250840@s.whatsapp.net","nick":"gabriel","level":1,"contador":0,"block":false},{"id":"5521979047347@s.whatsapp.net","nick":"SURTADOO       ꧁ABL02☠︎✞꧂","level":1,"contador":0,"block":false},{"id":"557996054220@s.whatsapp.net","nick":"Gus","level":1,"contador":0,"block":false},{"id":"553172582089@s.whatsapp.net","nick":"ʙɪᴜs","level":1,"contador":0,"block":false},{"id":"5521974836373@s.whatsapp.net","nick":"ẉ.org/𝕭𝖗𝖚𝖈𝖊","level":1,"contador":0,"block":false},{"id":"5519994212138@s.whatsapp.net","nick":"🦊🔥፝⃟   w乇丂ﾚ乇ﾘ🍧.ᩦ୭✧ࣶᭂ🦊","level":1,"contador":0,"block":false},{"id":"553398305532@s.whatsapp.net","nick":"Hiudy","level":1,"contador":0,"block":false},{"id":"5511945741245@s.whatsapp.net","nick":"Two9!","level":1,"contador":0,"block":false},{"id":"553497701910@s.whatsapp.net","nick":"A","level":1,"contador":0,"block":false},{"id":"557399431554@s.whatsapp.net","nick":"W / B Suporte","level":1,"contador":0,"block":false},{"id":"556699783992@s.whatsapp.net","nick":"𝑳𝑼𝑪𝑨𝑺𝑿7","level":1,"contador":0,"block":false},{"id":"5511981989509@s.whatsapp.net","nick":"Gleyson","level":1,"contador":0,"block":false},{"id":"5527999436596@s.whatsapp.net","nick":"Iago","level":1,"contador":0,"block":false},{"id":"5511957242652@s.whatsapp.net","nick":"Rafael","level":1,"contador":0,"block":false},{"id":"5521959015028@s.whatsapp.net","nick":"Vanellope Bot","level":1,"contador":0,"block":false},{"id":"556191498236@s.whatsapp.net","nick":"Paiva","level":1,"contador":0,"block":false},{"id":"558894158969@s.whatsapp.net","nick":"𝐂𝐚𝐫𝐥𝐨𝐬 𝐒𝐨𝐮𝐬𝐚","level":1,"contador":0,"block":false},{"id":"553597264028@s.whatsapp.net","nick":"Rogério Ávila","level":1,"contador":0,"block":false},{"id":"555198279088@s.whatsapp.net","nick":"Laura :)","level":1,"contador":0,"block":false},{"id":"559885030592@s.whatsapp.net","nick":"Gengar Bot.","level":2,"contador":170,"block":false},{"id":"5516988063680@s.whatsapp.net","nick":"019 GORDÃO","level":1,"contador":0,"block":false},{"id":"559884793058@s.whatsapp.net","nick":"Luann","level":1,"contador":0,"block":false},{"id":"558393938434@s.whatsapp.net","nick":"wa.me/flame","level":1,"contador":0,"block":false},{"id":"558597375463@s.whatsapp.net","nick":"Maicou","level":1,"contador":0,"block":false},{"id":"5519998084609@s.whatsapp.net","nick":"𝕭𝖊𝖗𝖑𝖎𝖒 𝕯𝖊𝖘𝖎𝖌𝖓𝖊𝖗","level":1,"contador":0,"block":false},{"id":"5511992175949@s.whatsapp.net","nick":"M","level":1,"contador":0,"block":false},{"id":"554491712954@s.whatsapp.net","nick":"Sabrina [Baileys]","level":1,"contador":0,"block":false},{"id":"559984766634@s.whatsapp.net","nick":"http://ẉa.me/คтคℓ¡คร࿐","level":1,"contador":0,"block":false},{"id":"5516997581373@s.whatsapp.net","nick":"𝑫𝑮 𝑩𝑶𝑻 𝑽2","level":1,"contador":0,"block":false},{"id":"555399503582@s.whatsapp.net","nick":"iopanan RB","level":1,"contador":0,"block":false},{"id":"557999398421@s.whatsapp.net","nick":"Carlos","level":1,"contador":23,"block":false},{"id":"6285706312972@s.whatsapp.net","nick":"TAILONG BOT OFICIAL","level":1,"contador":6,"block":false},{"id":"559193106345@s.whatsapp.net","nick":"Lkzin","level":1,"contador":1,"block":false},{"id":"5521972123929@s.whatsapp.net","nick":"ERIK  < / >","level":2,"contador":113,"block":false},{"id":"553597079143@s.whatsapp.net","nick":"Jhon","level":1,"contador":0,"block":false},{"id":"559191873356@s.whatsapp.net","nick":"D’John🐇","level":1,"contador":2,"block":false},{"id":"553182386038@s.whatsapp.net","nick":"⼢𝑻𝒐𝒌𝒚𝒐𝟕𝒌🇺🇸⼢ᶜᵉᵒⁿᵗ⋆⁰²🜸","level":1,"contador":0,"block":false},{"id":"558791965340@s.whatsapp.net","nick":"LuKaz_","level":1,"contador":13,"block":false},{"id":"553499211475@s.whatsapp.net","nick":"Lucas Andrade","level":1,"contador":3,"block":false},{"id":"556692251194@s.whatsapp.net","nick":"🍀","level":1,"contador":0,"block":false},{"id":"559991306107@s.whatsapp.net","nick":"Takô✓","level":1,"contador":0,"block":false},{"id":"5521976417205@s.whatsapp.net","nick":"Luanna","level":1,"contador":0,"block":false},{"id":"557199589576@s.whatsapp.net","nick":"Lord Mady","level":1,"contador":1,"block":false},{"id":"558287098957@s.whatsapp.net","nick":"~M","level":1,"contador":0,"block":false},{"id":"557591061665@s.whatsapp.net","nick":"𖠚ꪴ۟〬🪽         ꤾ  𝚵  𝛷  〆","level":1,"contador":0,"block":false},{"id":"558197642449@s.whatsapp.net","nick":"Flavio","level":1,"contador":6,"block":false},{"id":"553497131492@s.whatsapp.net","nick":"DeadByte - 1492","level":1,"contador":0,"block":false},{"id":"5516994563964@s.whatsapp.net","nick":"Paulo Daniel","level":1,"contador":0,"block":false},{"id":"5511970384481@s.whatsapp.net","nick":"wonwoo ♡","level":1,"contador":0,"block":false},{"id":"559491496098@s.whatsapp.net","nick":"Rafael","level":1,"contador":0,"block":false},{"id":"5521965680339@s.whatsapp.net","nick":"Kaic Supremacy","level":1,"contador":0,"block":false},{"id":"5521971275791@s.whatsapp.net","nick":"Guterres.","level":1,"contador":0,"block":false},{"id":"558381589042@s.whatsapp.net","nick":"࣪ 𑊢","level":1,"contador":0,"block":false},{"id":"5521976461518@s.whatsapp.net","nick":"luan","level":1,"contador":0,"block":false},{"id":"553191336754@s.whatsapp.net","nick":"arthur","level":1,"contador":0,"block":false},{"id":"554191917269@s.whatsapp.net","nick":"Vitu","level":1,"contador":0,"block":false},{"id":"556392858432@s.whatsapp.net","nick":"Salin7","level":1,"contador":0,"block":false},{"id":"558597903312@s.whatsapp.net","nick":"ws","level":1,"contador":0,"block":false},{"id":"5518988073363@s.whatsapp.net","nick":"·𝚜𝚘𝚙𝚑𝚒𝚊☝️🤠.¸.","level":1,"contador":0,"block":false},{"id":"559496667931@s.whatsapp.net","nick":"Vinheta🦝","level":1,"contador":0,"block":false},{"id":"558393995270@s.whatsapp.net","nick":"~Nick~","level":1,"contador":0,"block":false},{"id":"553192454497@s.whatsapp.net","nick":"LICHT SAN","level":1,"contador":89,"block":false},{"id":"553492003909@s.whatsapp.net","nick":"Sergio Carvalho","level":1,"contador":0,"block":false},{"id":"556292971022@s.whatsapp.net","nick":"Jason","level":1,"contador":0,"block":false},{"id":"558293089469@s.whatsapp.net","nick":"Little Phonsy  🌈","level":1,"contador":0,"block":false},{"id":"558491126584@s.whatsapp.net","nick":"Robinho","level":1,"contador":0,"block":false},{"id":"553491484272@s.whatsapp.net","nick":"DeadByte - 4272","level":1,"contador":0,"block":false},{"id":"556999997041@s.whatsapp.net","nick":"DeadByte - 7041","level":1,"contador":0,"block":false},{"id":"557388729129@s.whatsapp.net","nick":"sanmyk","level":1,"contador":0,"block":false},{"id":"553197515513@s.whatsapp.net","nick":"Juninho","level":1,"contador":0,"block":false},{"id":"558994677751@s.whatsapp.net","nick":"Victor (Vzx)","level":1,"contador":0,"block":false},{"id":"559284613247@s.whatsapp.net","nick":"Josh","level":1,"contador":0,"block":false},{"id":"553182020788@s.whatsapp.net","nick":"Luana Beatriz 🌚🌹","level":1,"contador":0,"block":false},{"id":"559992226160@s.whatsapp.net","nick":"𝑔𝑖𝑛𝑎🪐","level":1,"contador":0,"block":false},{"id":"554599099565@s.whatsapp.net","nick":"𝕬𝖓𝖉𝖗𝖊𝖎 𝕾𝖙𝖊𝖉𝖎𝖓𝖌","level":1,"contador":0,"block":false},{"id":"5511911632863@s.whatsapp.net","nick":"Vini","level":1,"contador":0,"block":false},{"id":"5521983447931@s.whatsapp.net","nick":"guilherme","level":1,"contador":0,"block":false},{"id":"559282119399@s.whatsapp.net","nick":"Luiiz 🦖","level":1,"contador":0,"block":false},{"id":"553172271662@s.whatsapp.net","nick":"Lvzinha","level":1,"contador":0,"block":false},{"id":"556592778984@s.whatsapp.net","nick":"Amanda 🌸","level":1,"contador":0,"block":false},{"id":"558994228625@s.whatsapp.net","nick":"𝑗𝑒𝑟𝑒𝑚𝑖𝑎𝑠 𝑐𝑟𝑢𝑧🐊🇧🇷","level":1,"contador":0,"block":false},{"id":"558881633650@s.whatsapp.net","nick":"⸸ 愛 cℓα ᶠᵉ","level":1,"contador":0,"block":false},{"id":"559581137945@s.whatsapp.net","nick":"Cristiano S. Pontes🥶","level":1,"contador":0,"block":false},{"id":"5521965686527@s.whatsapp.net","nick":"Cass","level":1,"contador":0,"block":false},{"id":"5511959953762@s.whatsapp.net","nick":"CONSULTORIA_RV BUSCAS","level":1,"contador":0,"block":false},{"id":"5527995169869@s.whatsapp.net","nick":"Tralha","level":1,"contador":0,"block":false},{"id":"555189622726@s.whatsapp.net","nick":"...","level":1,"contador":0,"block":false},{"id":"555399474421@s.whatsapp.net","nick":"Lust<333","level":1,"contador":0,"block":false},{"id":"5521978602772@s.whatsapp.net","nick":"Ninja2x_","level":2,"contador":122,"block":false},{"id":"559180291565@s.whatsapp.net","nick":"Michael","level":1,"contador":0,"block":false},{"id":"558391008105@s.whatsapp.net","nick":"~Nathan 🦅","level":1,"contador":0,"block":false},{"id":"5513996862218@s.whatsapp.net","nick":"Paulo","level":1,"contador":0,"block":false},{"id":"555391888986@s.whatsapp.net","nick":"Ⓜ️","level":1,"contador":0,"block":false},{"id":"557583701615@s.whatsapp.net","nick":"ㅤㅤㅤㅤㅤㅤㅤㅤㅤㅤㅤㅤㅤㅤㅤㅤㅤㅤㅤㅤㅤㅤㅤㅤㅤ","level":1,"contador":0,"block":false},{"id":"554391287149@s.whatsapp.net","nick":"Santos Masinha","level":1,"contador":0,"block":false},{"id":"553184944247@s.whatsapp.net","nick":"Dani 🌹","level":1,"contador":0,"block":false},{"id":"5511988267927@s.whatsapp.net","nick":"💬","level":1,"contador":0,"block":false},{"id":"553798638963@s.whatsapp.net","nick":"ᶜᵉᶜ Gabriel Silva 🔵⚪🦊","level":1,"contador":0,"block":false},{"id":"5524999459280@s.whatsapp.net","nick":"Fabrício Francisco","level":1,"contador":0,"block":false},{"id":"553388139377@s.whatsapp.net","nick":"Fab~","level":1,"contador":0,"block":false},{"id":"559294974576@s.whatsapp.net","nick":"Matheus Monteiro","level":1,"contador":0,"block":false},{"id":"558791588878@s.whatsapp.net","nick":"🤠🌵","level":1,"contador":0,"block":false},{"id":"553598219360@s.whatsapp.net","nick":"Maria Luisa","level":1,"contador":0,"block":false},{"id":"5511976628405@s.whatsapp.net","nick":"guiღ","level":1,"contador":0,"block":false},{"id":"556184300520@s.whatsapp.net","nick":".","level":1,"contador":0,"block":false},{"id":"557196915650@s.whatsapp.net","nick":"~Luan","level":1,"contador":0,"block":false},{"id":"557181088384@s.whatsapp.net","nick":"mm's","level":1,"contador":0,"block":false},{"id":"554384774153@s.whatsapp.net","nick":"Matheus A. Linhares","level":1,"contador":0,"block":false},{"id":"556992312765@s.whatsapp.net","nick":"Little Bear","level":1,"contador":35,"block":false},{"id":"557388535398@s.whatsapp.net","nick":"Stitchzinho ✿","level":1,"contador":0,"block":false},{"id":"553597687108@s.whatsapp.net","nick":"Pat \"Cydonia\"","level":1,"contador":0,"block":false},{"id":"5522997625501@s.whatsapp.net","nick":"ALIZIN","level":1,"contador":0,"block":false},{"id":"558695119680@s.whatsapp.net","nick":"Bruno Costa","level":1,"contador":0,"block":false},{"id":"556193707278@s.whatsapp.net","nick":"Cabral","level":1,"contador":0,"block":false},{"id":"5511977019676@s.whatsapp.net","nick":"Isaias","level":1,"contador":10,"block":false},{"id":"5527993093930@s.whatsapp.net","nick":"Daniel","level":1,"contador":0,"block":false},{"id":"558199584097@s.whatsapp.net","nick":"𝘝𝘪𝘤𝘵ø𝘳𝘺•[𝙘𝙮𝙗𝙚𝙧𝘻𝘺]","level":1,"contador":0,"block":false},{"id":"558391521505@s.whatsapp.net","nick":"Leo","level":1,"contador":0,"block":false},{"id":"559384334924@s.whatsapp.net","nick":"F0uza","level":1,"contador":0,"block":false},{"id":"5511944854166@s.whatsapp.net","nick":"herberth","level":1,"contador":10,"block":false},{"id":"559896162451@s.whatsapp.net","nick":"Lucasss_7z","level":1,"contador":0,"block":false},{"id":"5516988767410@s.whatsapp.net","nick":"Rickk","level":1,"contador":0,"block":false},{"id":"556892578942@s.whatsapp.net","nick":"Emanoel","level":1,"contador":0,"block":false},{"id":"556899472656@s.whatsapp.net","nick":"༒VUGO K_12༒™⁶⁶⁶†","level":1,"contador":0,"block":false},{"id":"558393337560@s.whatsapp.net","nick":"𝖌𝖔𝖞𝖇𝖓𝖞","level":1,"contador":0,"block":false},{"id":"5511945265580@s.whatsapp.net","nick":"🅣🅘🅝🅗🅞","level":1,"contador":2,"block":false},{"id":"554884445833@s.whatsapp.net","nick":"Mateus S.","level":1,"contador":0,"block":false},{"id":"5524981318124@s.whatsapp.net","nick":"JMG","level":1,"contador":0,"block":false},{"id":"558592187297@s.whatsapp.net","nick":"🅱️","level":1,"contador":0,"block":false},{"id":"5524998798784@s.whatsapp.net","nick":".","level":1,"contador":0,"block":false},{"id":"557388900741@s.whatsapp.net","nick":"R","level":1,"contador":0,"block":false},{"id":"559191461726@s.whatsapp.net","nick":".","level":1,"contador":0,"block":false},{"id":"5521981276170@s.whatsapp.net","nick":"rany","level":1,"contador":0,"block":false},{"id":"558199513229@s.whatsapp.net","nick":"─ ᛐᚱᛆᚴᚴᛌᛁᚢᛌ.","level":1,"contador":8,"block":false},{"id":"5514998083358@s.whatsapp.net","nick":"Luiz Felipe Volpato","level":1,"contador":0,"block":false},{"id":"5521965689181@s.whatsapp.net","nick":"Drex MD ofc","level":1,"contador":0,"block":false},{"id":"559881483875@s.whatsapp.net","nick":"Marcelo Guilherme","level":1,"contador":0,"block":false},{"id":"557381357306@s.whatsapp.net","nick":"🎭","level":1,"contador":0,"block":false},{"id":"553199979926@s.whatsapp.net","nick":"gabs","level":1,"contador":0,"block":false},{"id":"559684172085@s.whatsapp.net","nick":"Álvaro Felipe","level":1,"contador":0,"block":false},{"id":"558299542323@s.whatsapp.net","nick":"Lype","level":1,"contador":24,"block":false},{"id":"558197477304@s.whatsapp.net","nick":"𝐑𝐢𝐜𝐚𝐫𝐝𝐨 ヅ","level":1,"contador":0,"block":false},{"id":"556192044126@s.whatsapp.net","nick":"wl","level":1,"contador":0,"block":false},{"id":"554196011429@s.whatsapp.net","nick":"Guilherme","level":1,"contador":0,"block":false},{"id":"555497123224@s.whatsapp.net","nick":"99𝖟 | 𝖙𝖍𝖟𝖎𝖓","level":1,"contador":0,"block":false},{"id":"554888328892@s.whatsapp.net","nick":"🫰🏻","level":1,"contador":0,"block":false},{"id":"557588843672@s.whatsapp.net","nick":"🇮🇹","level":1,"contador":0,"block":false},{"id":"558899015564@s.whatsapp.net","nick":"🎧","level":1,"contador":0,"block":false},{"id":"558893699782@s.whatsapp.net","nick":"✨BRILHANTE ✨","level":1,"contador":6,"block":false},{"id":"558196308900@s.whatsapp.net","nick":"✦","level":1,"contador":0,"block":false},{"id":"553191173565@s.whatsapp.net","nick":"Thay","level":1,"contador":0,"block":false},{"id":"554791297513@s.whatsapp.net","nick":"rodrigo","level":1,"contador":0,"block":false},{"id":"5511954201697@s.whatsapp.net","nick":"Érick Azevedø","level":1,"contador":0,"block":false},{"id":"559193040226@s.whatsapp.net","nick":"Mateus","level":1,"contador":0,"block":false},{"id":"557999085726@s.whatsapp.net","nick":"João Marcos😎","level":1,"contador":0,"block":false},{"id":"558299120848@s.whatsapp.net","nick":"JAPA MD","level":1,"contador":1,"block":false},{"id":"553897350118@s.whatsapp.net","nick":"Thiago","level":1,"contador":0,"block":false},{"id":"5511953402979@s.whatsapp.net","nick":"Vitukjk (Dnv)","level":1,"contador":4,"block":false},{"id":"558487792885@s.whatsapp.net","nick":"Guilherme Souza 🦂","level":1,"contador":0,"block":false},{"id":"5524988564504@s.whatsapp.net","nick":"Binha","level":1,"contador":0,"block":false},{"id":"559492175054@s.whatsapp.net","nick":"✦『𝒁𝑬𝑹𝑶 𝑻𝑾𝑶』✦","level":1,"contador":0,"block":false},{"id":"555192877278@s.whatsapp.net","nick":"Solador (⁠ ⁠ꈍ⁠ᴗ⁠ꈍ⁠)","level":1,"contador":0,"block":false},{"id":"5521972414566@s.whatsapp.net","nick":"Sakura","level":1,"contador":0,"block":false},{"id":"557791380137@s.whatsapp.net","nick":"LUCIANO SANTOS","level":1,"contador":0,"block":false},{"id":"557999275667@s.whatsapp.net","nick":"TechWizard","level":1,"contador":0,"block":false},{"id":"556292165798@s.whatsapp.net","nick":"pedrinhoo","level":1,"contador":0,"block":false},{"id":"556392849977@s.whatsapp.net","nick":"𝕵𝖔𝖆𝖔 ツ","level":1,"contador":0,"block":false},{"id":"5514998474746@s.whatsapp.net","nick":"Sam","level":1,"contador":0,"block":false}]