[
  {
    "idgp": "120363222164635739@g.us",
    "ids": [
      {
        "id": "556281879025@s.whatsapp.net",
        "tempo": 1705177922
      }
    ]
  },
  {
    "idgp": "120363176828384670@g.us",
    "ids": [
      {
        "id": "5521971983758@s.whatsapp.net",
        "tempo": 1705176957
      }
    ]
  },
  {
    "idgp": "120363132562172546@g.us",
    "ids": [
      {
        "id": "556697216571@s.whatsapp.net",
        "tempo": 1705254373
      },
      {
        "id": "5513991372530@s.whatsapp.net",
        "tempo": 1705267994
      },
      {
        "id": "553192454497@s.whatsapp.net",
        "tempo": 1705260481
      },
      {
        "id": "5521972123929@s.whatsapp.net",
        "tempo": 1705268648
      }
    ]
  }
]