[{"groupId":"120363132562172546@g.us","comandos":[]},{"groupId":"557991370553-1633730858@g.us","comandos":[]},{"groupId":"120363055373936431@g.us","comandos":[]},{"groupId":"120363052183964470@g.us","comandos":[]},{"groupId":"120363043837942965@g.us","comandos":[]},{"groupId":"120363140227688385@g.us","comandos":[]},{"groupId":"120363161410094714@g.us","comandos":[]},{"groupId":"120363089111958709@g.us","comandos":[]},{"groupId":"994409567740-1621113533@g.us","comandos":[]},{"groupId":"120363156824186773@g.us","comandos":[]},{"groupId":"120363159309999963@g.us","comandos":[]},{"groupId":"120363046994840467@g.us","comandos":[]},{"groupId":"120363062382644352@g.us","comandos":[]},{"groupId":"120363155947776006@g.us","comandos":[]},{"groupId":"120363140683469943@g.us","comandos":[]},{"groupId":"120363050232048442@g.us","comandos":[]},{"groupId":"120363108656690946@g.us","comandos":[]},{"groupId":"120363140000206401@g.us","comandos":[]},{"groupId":"120363160997386346@g.us","comandos":[]},{"groupId":"5512996828125-1604274406@g.us","comandos":[]},{"groupId":"120363046548548503@g.us","comandos":[]},{"groupId":"120363158360461959@g.us","comandos":[]},{"groupId":"120363028858456410@g.us","comandos":[]},{"groupId":"120363029178735179@g.us","comandos":[]},{"groupId":"120363094244463491@g.us","comandos":[]},{"groupId":"120363140957864661@g.us","comandos":[]},{"groupId":"120363142434283856@g.us","comandos":[]},{"groupId":"120363024922797828@g.us","comandos":[]},{"groupId":"120363161726758322@g.us","comandos":[]},{"groupId":"120363162706624743@g.us","comandos":[]},{"groupId":"120363162812679805@g.us","comandos":[]},{"groupId":"120363143424130385@g.us","comandos":[]},{"groupId":"120363161000910181@g.us","comandos":[]},{"groupId":"120363146754006621@g.us","comandos":[]},{"groupId":"120363162257866981@g.us","comandos":[]},{"groupId":"120363163720080357@g.us","comandos":[]},{"groupId":"120363146795578372@g.us","comandos":[]},{"groupId":"120363144645348321@g.us","comandos":[]},{"groupId":"120363147309076759@g.us","comandos":[]},{"groupId":"120363163393048677@g.us","comandos":[]},{"groupId":"120363161562583443@g.us","comandos":[]},{"groupId":"120363165586899291@g.us","comandos":[]},{"groupId":"120363147660151839@g.us","comandos":[]},{"groupId":"120363146956993181@g.us","comandos":[]},{"groupId":"120363165967013187@g.us","comandos":[]},{"groupId":"120363146326529184@g.us","comandos":[]},{"groupId":"120363149625412260@g.us","comandos":[]},{"groupId":"120363167561127975@g.us","comandos":[]},{"groupId":"120363153608224669@g.us","comandos":[]},{"groupId":"120363151624612965@g.us","comandos":[]},{"groupId":"120363166962152632@g.us","comandos":[]},{"groupId":"120363165651088297@g.us","comandos":[]},{"groupId":"120363172525951119@g.us","comandos":[]},{"groupId":"120363143871857056@g.us","comandos":[]},{"groupId":"120363044678698424@g.us","comandos":[]},{"groupId":"120363169713476935@g.us","comandos":[]},{"groupId":"120363143193025860@g.us","comandos":[]},{"groupId":"120363160877713664@g.us","comandos":[]},{"groupId":"120363164430828881@g.us","comandos":[]},{"groupId":"120363161461717379@g.us","comandos":[]},{"groupId":"120363145216798212@g.us","comandos":[]},{"groupId":"120363163658871098@g.us","comandos":[]},{"groupId":"120363186555362326@g.us","comandos":[]},{"groupId":"120363185145943150@g.us","comandos":[]},{"groupId":"120363046026011493@g.us","comandos":[]},{"groupId":"120363167014553275@g.us","comandos":[]},{"groupId":"120363181466651123@g.us","comandos":[]},{"groupId":"120363167547072549@g.us","comandos":[]},{"groupId":"120363147419133059@g.us","comandos":[]},{"groupId":"120363169207050749@g.us","comandos":[]},{"groupId":"120363157550490250@g.us","comandos":[]},{"groupId":"120363163705479447@g.us","comandos":[]},{"groupId":"120363197759039933@g.us","comandos":[]},{"groupId":"120363176828384670@g.us","comandos":[]},{"groupId":"120363175632528262@g.us","comandos":[]},{"groupId":"120363042537531116@g.us","comandos":[]},{"groupId":"120363166360997625@g.us","comandos":[]},{"groupId":"120363024755126626@g.us","comandos":[]},{"groupId":"120363162871594177@g.us","comandos":[]},{"groupId":"120363209399035768@g.us","comandos":[]},{"groupId":"120363188186162537@g.us","comandos":[]},{"groupId":"120363212118542646@g.us","comandos":[]},{"groupId":"120363160580503036@g.us","comandos":[]},{"groupId":"120363152736984833@g.us","comandos":[]},{"groupId":"120363187692992289@g.us","comandos":[]},{"groupId":"120363202681100539@g.us","comandos":[]},{"groupId":"120363222164635739@g.us","comandos":[]},{"groupId":"120363177968719753@g.us","comandos":[]},{"groupId":"120363107384244433@g.us","comandos":[]}]